{
  "id": "1482853",
  "name": "会计",
  "font_family": "iconfont",
  "css_prefix_text": "icon-",
  "description": "",
  "glyphs": [
    {
      "icon_id": "11522408",
      "name": "contract_approved_fill",
      "font_class": "contract_approved_fill",
      "unicode": "e711",
      "unicode_decimal": 59153
    },
    {
      "icon_id": "11522409",
      "name": "contract_approval_fill",
      "font_class": "contract_approval_fill",
      "unicode": "e712",
      "unicode_decimal": 59154
    },
    {
      "icon_id": "11522410",
      "name": "contract_fill",
      "font_class": "contract_fill",
      "unicode": "e713",
      "unicode_decimal": 59155
    },
    {
      "icon_id": "11522411",
      "name": "contract_management_fill",
      "font_class": "contract_management_fill",
      "unicode": "e714",
      "unicode_decimal": 59156
    },
    {
      "icon_id": "11522412",
      "name": "contract_filed_fill",
      "font_class": "contract_filed_fill",
      "unicode": "e715",
      "unicode_decimal": 59157
    },
    {
      "icon_id": "11522413",
      "name": "contract_notfiled_fill",
      "font_class": "contract_notfiled_fill",
      "unicode": "e716",
      "unicode_decimal": 59158
    },
    {
      "icon_id": "11522414",
      "name": "contract_sign_fill",
      "font_class": "contract_sign_fill",
      "unicode": "e717",
      "unicode_decimal": 59159
    },
    {
      "icon_id": "11522415",
      "name": "contract_view_fill",
      "font_class": "contract_view_fill",
      "unicode": "e718",
      "unicode_decimal": 59160
    },
    {
      "icon_id": "11522416",
      "name": "contract_pending_fill",
      "font_class": "contract_pending_fill",
      "unicode": "e719",
      "unicode_decimal": 59161
    },
    {
      "icon_id": "11522417",
      "name": "customer_class_fill",
      "font_class": "customer_class_fill",
      "unicode": "e71a",
      "unicode_decimal": 59162
    },
    {
      "icon_id": "11522418",
      "name": "contract_termination_fill",
      "font_class": "contract_termination_fill",
      "unicode": "e71b",
      "unicode_decimal": 59163
    },
    {
      "icon_id": "11522419",
      "name": "customer_management_fill",
      "font_class": "customer_management_fill",
      "unicode": "e71c",
      "unicode_decimal": 59164
    },
    {
      "icon_id": "11522420",
      "name": "customer_management_number_fill",
      "font_class": "customer_management_number_fill",
      "unicode": "e71d",
      "unicode_decimal": 59165
    },
    {
      "icon_id": "11522421",
      "name": "customer_management_reconciliation_fill",
      "font_class": "customer_management_reconciliation_fill",
      "unicode": "e71e",
      "unicode_decimal": 59166
    },
    {
      "icon_id": "11522422",
      "name": "customer_list_fill",
      "font_class": "customer_list_fill",
      "unicode": "e71f",
      "unicode_decimal": 59167
    },
    {
      "icon_id": "11522423",
      "name": "customer_luodigongsi_fill",
      "font_class": "customer_luodigongsi_fill",
      "unicode": "e720",
      "unicode_decimal": 59168
    },
    {
      "icon_id": "11522424",
      "name": "customer_management_sales_fill",
      "font_class": "customer_management_sales_fill",
      "unicode": "e721",
      "unicode_decimal": 59169
    },
    {
      "icon_id": "11522425",
      "name": "customer_management_ground_fill",
      "font_class": "customer_management_ground_fill",
      "unicode": "e722",
      "unicode_decimal": 59170
    },
    {
      "icon_id": "11522426",
      "name": "customer_qudaoliebiao_fill",
      "font_class": "customer_qudaoliebiao_fill",
      "unicode": "e723",
      "unicode_decimal": 59171
    },
    {
      "icon_id": "11522427",
      "name": "customer_part-timejob_fill",
      "font_class": "customer_part-timejob_fill",
      "unicode": "e724",
      "unicode_decimal": 59172
    },
    {
      "icon_id": "11522428",
      "name": "invoice_abnormal_fill",
      "font_class": "invoice_abnormal_fill",
      "unicode": "e725",
      "unicode_decimal": 59173
    },
    {
      "icon_id": "11522429",
      "name": "customer_source_fill",
      "font_class": "customer_source_fill",
      "unicode": "e726",
      "unicode_decimal": 59174
    },
    {
      "icon_id": "11522430",
      "name": "customer_report_fill",
      "font_class": "customer_report_fill",
      "unicode": "e727",
      "unicode_decimal": 59175
    },
    {
      "icon_id": "11522431",
      "name": "invoice_apply_fill",
      "font_class": "invoice_apply_fill",
      "unicode": "e728",
      "unicode_decimal": 59176
    },
    {
      "icon_id": "11522432",
      "name": "invoice_cancel_fill",
      "font_class": "invoice_cancel_fill",
      "unicode": "e729",
      "unicode_decimal": 59177
    },
    {
      "icon_id": "11522433",
      "name": "invoice_approval_fill",
      "font_class": "invoice_approval_fill",
      "unicode": "e72a",
      "unicode_decimal": 59178
    },
    {
      "icon_id": "11522434",
      "name": "invoice_control_fill",
      "font_class": "invoice_control_fill",
      "unicode": "e72b",
      "unicode_decimal": 59179
    }
  ]
}
